Workbook

Sheet 1_patient_info
A1: Patient Assessment Information
D2: Legend
A3: Patient ID: | B3: ## | D3: Required
A4: Date of Assessment: | B4: MM/DD/YYYY | D4: Optional
A5: 2nd Date of Assessment:
A6: Affected Hand | B6: Right
A7: Assessment_Phase | B7: baseline
A11: Notes: | B11: Lorem Ipsum
A22: Included Assessments | B22: Excluded Assessments
A23: 2_StrokeImpactScale | B23: 7b_MyomoTasks_WITH_MYOPRO
A24: 3_COPM | B24: 8b_CAHAI_WITH_MYOPRO
A25: 4_ModifiedAshworthScale | B25: 9b_NASA_TLX_WITH_MYOPRO
A26: 5_Fugl-Meyer | B26: 6_box_and_blocks
A27: 7a_MyomoTasks_WITHOUT_MYOPRO
A28: 8a_CAHAI_WITHOUT_MYOPRO
A29: 9a_NASA_TLX_WITHOUT_MYOPRO

Sheet NOTES
A1: Assessment | B1: Comleted? | C1: Notes | E1: Patient Info / General Notes
A2: MAS / MMT / AROM | B2: No | C2: Lorem Ipsum | E2: Lorem Ipsum
A3: Fugl-Meyer | B3: No | C3: Lorem Ipsum
A4: Stroke Impact Scale | B4: No | C4: Lorem Ipsum
A5: COPM | B5: No | C5: Lorem Ipsum
A6: Myomo Tasks W/O | B6: No | C6: Lorem Ipsum
A7: CAHAI (W/O) | B7: No | C7: Lorem Ipsum | E7: Other / Miscellaneous
A8: NASA TLX (W/O) | B8: No | C8: Lorem Ipsum | E8: Lorem Ipsum
A9: Myomo Tasks (W/) | B9: No | C9: Lorem Ipsum
A10: CAHAI (W/) | B10: No | C10: Lorem Ipsum
A11: NASA TLX (W/) | B11: No | C11: Lorem Ipsum

Sheet 2_StrokeImpactScale
A1: Stroke Impact Scale (SIS) v3.0
A3: Patient ID: | B3: ='1_patient_info'!B3 -> ## | C3: Date: | D3: MM/DD/YYYY
A5: Instructions: | B5: This scale measures health status following a stroke. The final item asks the patient to rate his or her perceived recovery on a scale of 0 to 100.
A8: 1. In the past week, how would you rate the strength of your.... | B8: A lot of strength | C8: Quite a bit of strength | D8: Some strength | E8: A little strength | F8: No strength at all | G8: Score | H8: Scaled | J8: Overall Scaled Score
A9: a. Arm that was most affected by your stroke? | B9: 5 | C9: 4 | D9: 3 | E9: 2 | F9: 1 | H9: =((AVERAGE(G9:G12)-F9)/4)*100 -> #DIV/0! | J9: =AVERAGE(H9, H44, H56, H67, B84) -> #DIV/0!
A10: b. Grip of your hand that was most affected by your stroke? | B10: 5 | C10: 4 | D10: 3 | E10: 2 | F10: 1
A11: c. Leg that was most affected by your stroke? | B11: 5 | C11: 4 | D11: 3 | E11: 2 | F11: 1
A12: d. Foot/ankle that was most affected by your stroke? | B12: 5 | C12: 4 | D12: 3 | E12: 2 | F12: 1
A14: 2. In the past week, how difficult was it for you to... | B14: Not difficult at all | C14: A little difficult | D14: Somewhat difficult | E14: Very difficult | F14: Extremely difficult | G14: Score | H14: Scaled
A15: a. Remember things that people just told you? | B15: 5 | C15: 4 | D15: 3 | E15: 2 | F15: 1 | H15: =((AVERAGE(G15:G21)-F15)/4)*100 -> #DIV/0!
A16: b. Remember things that happened the day before? | B16: 5 | C16: 4 | D16: 3 | E16: 2 | F16: 1
A17: c. Remember to do things (e.g. keep scheduled appointments or take medication)? | B17: 5 | C17: 4 | D17: 3 | E17: 2 | F17: 1
A18: d. Remember the day of the week? | B18: 5 | C18: 4 | D18: 3 | E18: 2 | F18: 1
A19: e. Concentrate? | B19: 5 | C19: 4 | D19: 3 | E19: 2 | F19: 1
A20: f. Think quickly? | B20: 5 | C20: 4 | D20: 3 | E20: 2 | F20: 1
A21: g. Solve everyday problems? | B21: 5 | C21: 4 | D21: 3 | E21: 2 | F21: 1
A23: 3. In the past week, how often did you... | B23: None of the time | C23: A little of the time | D23: Some of the time | E23: Most of the time | F23: All of the time | G23: Score | H23: Scaled
A24: a. Feel sad? | B24: 5 | C24: 4 | D24: 3 | E24: 2 | F24: 1 | G24: 1 | H24: =((AVERAGE(G24:G28, G30, 6-G29, 6-G31, 6-G32)-F24)/4)*100 -> 0
A25: b. Feel that there is nobody you are close to? | B25: 5 | C25: 4 | D25: 3 | E25: 2 | F25: 1 | G25: 1
A26: c. Feel that you are a burden to others? | B26: 5 | C26: 4 | D26: 3 | E26: 2 | F26: 1 | G26: 1
A27: d. Feel that you have nothing to look forward to? | B27: 5 | C27: 4 | D27: 3 | E27: 2 | F27: 1 | G27: 1
A28: e. Blame yourself for mistakes that you made? | B28: 5 | C28: 4 | D28: 3 | E28: 2 | F28: 1 | G28: 1
A29: f. Enjoy things as much as ever? | B29: 5 | C29: 4 | D29: 3 | E29: 2 | F29: 1 | G29: 5
A30: g. Feel quite nervous? | B30: 5 | C30: 4 | D30: 3 | E30: 2 | F30: 1 | G30: 1
A31: h. Feel that life is worth living? | B31: 5 | C31: 4 | D31: 3 | E31: 2 | F31: 1 | G31: 5
A32: i. Smile and laugh at least once a day? | B32: 5 | C32: 4 | D32: 3 | E32: 2 | F32: 1 | G32: 5
A34: 4. In the past week, how difficult was it to... | B34: Not difficult at all | C34: A little difficult | D34: Somewhat difficult | E34: Very difficult | F34: Extremely difficult | G34: Score | H34: Scaled
A35: a. Say the name of someone who was in front of you? | B35: 5 | C35: 4 | D35: 3 | E35: 2 | F35: 1 | H35: =((AVERAGE(G35:G41)-F35)/4)*100 -> #DIV/0!
A36: b. Understand what was being said to you in a conversation? | B36: 5 | C36: 4 | D36: 3 | E36: 2 | F36: 1
A37: c. Reply to questions? | B37: 5 | C37: 4 | D37: 3 | E37: 2 | F37: 1
A38: d. Correctly name objects? | B38: 5 | C38: 4 | D38: 3 | E38: 2 | F38: 1
A39: e. Participate in a conversation with a group of people? | B39: 5 | C39: 4 | D39: 3 | E39: 2 | F39: 1
A40: f. Have a conversation on the telephone? | B40: 5 | C40: 4 | D40: 3 | E40: 2 | F40: 1
A41: g. Call another person on the telephone, including selecting the correct phone number and dialing? | B41: 5 | C41: 4 | D41: 3 | E41: 2 | F41: 1
A43: 5. In the past 2 weeks, how difficult was it to... | B43: Not difficult at all | C43: A little difficult | D43: Somewhat difficult | E43: Very difficult | F43: Could not do at all | G43: Score | H43: Scaled
A44: a. Cut your food with a knife and fork? | B44: 5 | C44: 4 | D44: 3 | E44: 2 | F44: 1 | H44: =((AVERAGE(G44:G53)-F44)/4)*100 -> #DIV/0!
A45: b. Dress the top part of your body? | B45: 5 | C45: 4 | D45: 3 | E45: 2 | F45: 1
A46: c. Bathe yourself? | B46: 5 | C46: 4 | D46: 3 | E46: 2 | F46: 1
A47: d. Clip your toenails? | B47: 5 | C47: 4 | D47: 3 | E47: 2 | F47: 1
A48: e. Get to the toilet on time? | B48: 5 | C48: 4 | D48: 3 | E48: 2 | F48: 1
A49: f. Control your bladder (not have an accident)? | B49: 5 | C49: 4 | D49: 3 | E49: 2 | F49: 1
A50: g. Control your bowels (not have an accident)? | B50: 5 | C50: 4 | D50: 3 | E50: 2 | F50: 1
A51: h. Do light household tasks/chores (e.g. dust, make a bed, take out garbage, do the dishes)? | B51: 5 | C51: 4 | D51: 3 | E51: 2 | F51: 1
A52: i. Go shopping? | B52: 5 | C52: 4 | D52: 3 | E52: 2 | F52: 1
A53: j. Do heavy household chores (e.g. vacuum, laundry or yard work)? | B53: 5 | C53: 4 | D53: 3 | E53: 2 | F53: 1
A55: 6. In the past 2 weeks, how difficult was it to... | B55: Not difficult at all | C55: A little difficult | D55: Somewhat difficult | E55: Very difficult | F55: Could not do at all | G55: Score | H55: Scaled
A56: a. Stay sitting without losing your balance? | B56: 5 | C56: 4 | D56: 3 | E56: 2 | F56: 1 | H56: =((AVERAGE(G56:G64)-F56)/4)*100 -> #DIV/0!
A57: b. Stay standing without losing your balance? | B57: 5 | C57: 4 | D57: 3 | E57: 2 | F57: 1
A58: c. Walk without losing your balance? | B58: 5 | C58: 4 | D58: 3 | E58: 2 | F58: 1
A59: d. Move from a bed to a chair? | B59: 5 | C59: 4 | D59: 3 | E59: 2 | F59: 1
A60: e. Walk one block? | B60: 5 | C60: 4 | D60: 3 | E60: 2 | F60: 1
A61: f. Walk fast? | B61: 5 | C61: 4 | D61: 3 | E61: 2 | F61: 1
A62: g. Climb one flight of stairs? | B62: 5 | C62: 4 | D62: 3 | E62: 2 | F62: 1
A63: h. Climb several flights of stairs? | B63: 5 | C63: 4 | D63: 3 | E63: 2 | F63: 1
A64: i. Get in and out of a car? | B64: 5 | C64: 4 | D64: 3 | E64: 2 | F64: 1
A66: 7. In the past 2 weeks, how difficult was it to use your hand that was most affected by your stroke | B66: Not difficult at all | C66: A little difficult | D66: Somewhat difficult | E66: Very difficult | F66: Could not do at all | G66: Score | H66: Scaled
A67: a. Carry heavy objects (e.g. bag of groceries)? | B67: 5 | C67: 4 | D67: 3 | E67: 2 | F67: 1 | H67: =((AVERAGE(G67:G71)-F67)/4)*100 -> #DIV/0!
A68: b. Turn a doorknob? | B68: 5 | C68: 4 | D68: 3 | E68: 2 | F68: 1
A69: c. Open a can or jar? | B69: 5 | C69: 4 | D69: 3 | E69: 2 | F69: 1
A70: d. Tie a shoe lace? | B70: 5 | C70: 4 | D70: 3 | E70: 2 | F70: 1
A71: e. Pick up a dime? | B71: 5 | C71: 4 | D71: 3 | E71: 2 | F71: 1
A73: 8. During the past 4 weeks, how much of the time have you been limited in... | B73: None of the time | C73: A little of the time | D73: Some of the time | E73: Most of the time | F73: All of the time | G73: Score | H73: Scaled
A74: a. Your work (paid, voluntary or other) | B74: 5 | C74: 4 | D74: 3 | E74: 2 | F74: 1 | H74: =((AVERAGE(G74:G81)-F74)/4)*100 -> #DIV/0!
A75: b. Your social activities? | B75: 5 | C75: 4 | D75: 3 | E75: 2 | F75: 1
A76: c. Quiet recreation (crafts, reading)? | B76: 5 | C76: 4 | D76: 3 | E76: 2 | F76: 1
A77: d. Active recreation (sports, outings, travel)? | B77: 5 | C77: 4 | D77: 3 | E77: 2 | F77: 1
A78: e. Your role as a family member and/or friend? | B78: 5 | C78: 4 | D78: 3 | E78: 2 | F78: 1
A79: f. Your participation in spiritual or religious activities? | B79: 5 | C79: 4 | D79: 3 | E79: 2 | F79: 1
A80: g. Your ability to control your life as you wish? | B80: 5 | C80: 4 | D80: 3 | E80: 2 | F80: 1
A81: h. Your ability to help others? | B81: 5 | C81: 4 | D81: 3 | E81: 2 | F81: 1
A83: 9. Self Reported Stroke Recovery Measure | B83: Score
A84: On a scale of 0 to 100, with 100 representing full recovery and 0 representing no recovery, how much have you recovered from your stroke? | B84: 0

Sheet 3_COPM
A1: Canadian Occupational Performance Measure (COPM)
A2: Full Form Template: | B2: https://uofu.app.box.com/file/2004642799198 | C2: Full Script | D2: https://uofu.app.box.com/file/1980825992620
A3: Patient ID: | B3: ='1_patient_info'!B3 -> ## | C3: Date: | D3: MM/DD/YYYY
A5: Time 1: Initial Assessment Date | B5: MM/DD/YYYY | C5: Time 2: Re-Assessment Date | D5: MM/DD/YYYY
A8: Scoring
A9: Item | B9: Ocupational Perfomance Problem (OPP) | C9: Importance | D9: Performance T1 | E9: Satisfaction T1 | F9: Performance T2 | G9: Satisfaction T2 | H9: Change in Performance (T2-T1) | I9: Change in Performance (T2-T1)2
A10: 1
A11: 2
A12: 3
A13: 4
A14: 5
A16: Total Score | B16: NA | C16: NA | D16: =SUM(D10:D14) -> 0 | E16: =SUM(E10:E14) -> 0 | F16: =SUM(F10:F14) -> 0 | G16: =SUM(G10:G14) -> 0 | H16: =SUM(H10:H14) -> 0 | I16: =SUM(I10:I14) -> 0
A17: Average Score | B17: NA | C17: NA | D17: =D16/5 -> 0 | E17: =E16/5 -> 0 | F17: =F16/5 -> 0 | G17: =G16/5 -> 0 | H17: =H16/5 -> 0 | I17: =I16/5 -> 0
A20: Self Care | B20: Comments | C20: Importance
A21: Personal Care
A24: Functional Mobility
A27: Community Management
A31: Productivity
A32: Paid or Unpaid work
A35: Household Management
A38: School and / or play
A43: Leisure
A44: Quiet recreation
A47: Active Recreation
A50: Socialization
A53: Notes and Observations
... A57: Re-assessment

Sheet 4_ModifiedAshworthScale
A1: Modified Ashworth Scale
A3: Patient ID: | B3: ='1_patient_info'!B3 -> ## | C3: Date: | D3: MM/DD/YYYY | E3: Side Assessed: | F3: ='1_patient_info'!B6 -> Right
A5: MAS Scoring Key: | D5: MMT Score Guide: | G5: AROM Scoring Key:
A6: 0 | B6: No increase in muscle tone | D6: 0/5 | E6: No Visible or palpable contraction | G6: Active Range of Motion, measured in degrees as quantified using goniometer.
A7: 1 | B7: Slight increase in tone (catch and release or minimal resistance at end of ROM) | D7: 1/5 | E7: Visible or palpable contraction (No ROM)
A8: 1+ | B8: Slight increase in tone (catch, followed by minimal resistance through < half of ROM) | D8: 2/5 | E8: Full ROM, gravity eliminated
A9: 2 | B9: More marked increase in tone through most of the ROM, but affected part(s) easily moved | D9: 3/5 | E9: Full ROM against gravity
A10: 3 | B10: Considerable increase in tone, passive movement difficult | D10: 4/5 | E10: Full ROM against gravity, moderate resistance
A11: 4 | B11: Affected part(s) rigid in flexion or extension | D11: 5/5 | E11: Normal Maximal Resistance
A13: Joint | B13: Muscle Group | C13: MAS Score | D13: MMT Score | E13: AROM
A14: Shoulder | B14: Flexors | C14: NT | D14: NT | E14: AROM in degrees OR NA | G14: NA = Not Applicable
A15: Shoulder | B15: Extensors | C15: NT | D15: NT | E15: AROM in degrees OR NA | G15: NT = Not Tested
A16: Shoulder | B16: Abductors | C16: NT | D16: NT | E16: AROM in degrees OR NA
A17: Elbow | B17: Flexors | C17: 0 | D17: #/5 or NA | E17: AROM in degrees OR NA
A18: Elbow | B18: Extensors | C18: 0 | D18: #/5 or NA | E18: AROM in degrees OR NA
A19: Wrist | B19: Wrist Flexors | C19: 0 | D19: #/5 or NA | E19: AROM in degrees OR NA
A20: Wrist | B20: Wrist Extensors | C20: 0 | D20: #/5 or NA | E20: AROM in degrees OR NA
A21: Fingers | B21: Finger Flexors | C21: 0 | D21: NT | E21: NT

Sheet 5_Fugl-Meyer
A1: Fugl-Meyer Assessment - Upper Extremity (FMA-UE)
A2: Full Manual (Official) | B2: https://uofu.app.box.com/file/1968584627441 | D2: Updated Manual: | E2: https://uofu.app.box.com/file/1989029623033
A3: Patient ID: | B3: ='1_patient_info'!B3 -> ## | C3: Date: | D3: MM/DD/YYYY | E3: Side Assessed: | F3: Right
A5: Scoring: | B5: 0 = Cannot perform | C5: 1 = Performs partially | D5: 2 = Performs fully
A7: Section | B7: Item | C7: Description | D7: Score Option | E7: Check Score | F7: Score Value (0 - 2)
A8: I. REFLEX ACTIVITY
A9: A1 | B9: Flexors: Biceps or finger reflex | C9: No Reflex | D9: 0
C10: Reflex Elicitable | D10: 2
A11: A2 | B11: Extensors: Triceps reflex | C11: No Reflex | D11: 0
C12: Reflex Elicitable | D12: 2 | H12: Max Score: 66
A13: II. SYNERGISTIC MOVMENT: FLEXOR SYNERGY | H13: TOTAL SCORE: | I13: =SUM(F9:F61, F63:F114) -> 0
A14: A3 | B14: Shoulder girdle retraction | C14: No Visible or Palpable Retraction | D14: 0
C15: Partly Done | D15: 1
C16: Faultless | D16: 2
A17: A4 | B17: Shoulder girdle elevation | C17: No Visible or Palpable Retraction | D17: 0
C18: Partly Done | D18: 1
C19: Faultless | D19: 2
A20: A5 | B20: Shoulder abduction | C20: No Visible or Palpable Retraction | D20: 0
C21: Partly Done | D21: 1
C22: Faultless | D22: 2
A23: A6 | B23: Shoulder external rotation | C23: No Visible or Palpable Retraction | D23: 0
C24: Partly Done | D24: 1
C25: Faultless | D25: 2
A26: A7 | B26: Elbow Flexion | C26: No Visible or Palpable Retraction | D26: 0
C27: Partly Done | D27: 1
C28: Faultless | D28: 2
A29: A8 | B29: Forearm supination | C29: No Visible or Palpable Retraction | D29: 0
C30: Partly Done | D30: 1
C31: Faultless | D31: 2
A32: III. SYNERGISTIC MOVMENT: EXTENSOR SYNERGY
A33: A9 | B33: Shoulder adduction / internal rotation | C33: Not done at all | D33: 0
C34: Partly Done | D34: 1
C35: Faultless | D35: 2
A36: A10 | B36: Elbow Extension | C36: Not done at all | D36: 0
C37: Partly Done | D37: 1
C38: Faultless | D38: 2
A39: A11 | B39: Forearm pronation | C39: Not done at all | D39: 0
C40: Partly Done | D40: 1
C41: Faultless | D41: 2
A42: IV: MOVEMENT COMBINING SYNERGY
A43: A12 | B43: Hand to lumbar spine | C43: Not done at all | D43: 0
C44: Partly done, >= IP joint actively passes the anterior superior iliac spine | D44: 1
C45: Faultless | D45: 2
A46: A13 | B46: Shoulder flexion 0-90°, elbow straight | C46: Not done at all, or Shoulder and elbow can't achieve start position | D46: 0
C47: Partly Done, or shoulder abduction or elbow flexion occurs during movement | D47: 1
C48: Faultless | D48: 2
A49: A14 | B49: Forearm pronation/supination with elbow actively flexed 90°, shoulder at 0° | C49: Not done at all, or shoulder and elbow cant achieve start position | D49: 0
C50: Partly done, any pronation or supination in correct positon | D50: 1
C51: Faultless | D51: 2
A52: V: MOVEMENT OUT OF SYNERGY
A53: A15 | B53: Abduction shoulder to 90°, elbow straight, forearm pronated | C53: Not done at all, or elbow flexion or supination occurs at start of movement | D53: 0
C54: Partly done, or elbow flexion or forearm supination occurs during movement | D54: 1
C55: Faultless | D55: 2
A56: A16 | B56: Shoulder flextion 90°-180°, elbow straight, shoulder flexed 30-90° | C56: Not done at all, or shoulder abduction or elbow flexion occurs at start of movement | D56: 0
C57: Partly Done, or shoulder abduction or elbow flexion occurs during movement | D57: 1
C58: Faultless | D58: 2
A59: A17 | B59: Forearm pronation/supination , elbow straight, shoulder flexed 30-90° | C59: Not done at all, or shoulder and elbow cant achieve start position | D59: 0
C60: Partly done, any pronation or supination in correct positon | D60: 1
C61: Faultless | D61: 2
A62: VI. NORMAL REFLEX ACTIVITY
A63: A18 | B63: Biceps, triceps, and finger flexor tendon reflexes evaluated ONLY IF full scores achieved for items A15, A16, and A17 | C63: Not done because full scores were not achived for items 15, 16, 17. WebDCU will not allow you to enter a score unless the last 3 tests sum to 6/6. | D63: X
C64: >= 2 reflexes are markedly hyperactive | D64: 0
C65: 1 reflex is markedly hyperactive or >= 2 reflexes are lively | D65: 1
C66: All 3 reflexes are present and none are hyperactive | D66: 2
A67: VII. WRIST
A68: B1 | B68: Wrist stability, elbow at 90° | C68: Can’t achieve starting position or can’t extend wrist to 15° | D68: 0
C69: Can extend wrist to 15° but not against resistance, or elbow flexion or forearm supination occurs during movement or resistance | D69: 1
C70: Faultless | D70: 2
A71: B2 | B71: Wrist range of motion, repeated alternating wrist flexion/extension, elbow at 90° | C71: Not done at all or can’t achieve starting position | D71: 0
C72: Partly done, active range of motion is less than passive range of motion | D72: 1
C73: Faultless and smooth through one full cycle | D73: 2
A74: B3 | B74: Wrist stability, elbow straight, shoulder at 30-90° | C74: Can't extent wrist to 15° , or shoulder and elbow can't maintain start positon | D74: 0
C75: Can extend wrist to 15° but not against resistance, or elbow flexion or forearm supination occurs during movement or resistance | D75: 1
C76: Faultless | D76: 2
A77: B4 | B77: Wrist range of motion, repeated alternating wrist flexion/extension, elbow straight, shoulder at 30-90° | C77: Not done or can't achieve starting position | D77: 0
C78: Partly done, active range of motion is less than passive range of motion, or elboew flexes during movement | D78: 1
C79: Faultless and smooth through one full cycle | D79: 2
A80: B5 | B80: Wrist circumduction, elbow straight, shoulder at 30-90° | C80: Not done at all or can't achieve starting position | D80: 0
C81: Partly done, jerky or incomplete circumduction, or elboew flexes during movement | D81: 1
C82: Faultless and smooth | D82: 2
A83: VIII. HAND
A84: C1 | B84: Fingers mass flexion | C84: Not done at all | D84: 0
C85: Parly done but not full active flexion | D85: 1
C86: Full active flexion | D86: 2
A87: C2 | B87: Finger mass extension | C87: Not done at all | D87: 0
C88: Partly done, can release active mass flexion grasp and cannot fully extend | D88: 1
C89: Full active extension | D89: 2
A90: C3 | B90: Grasp A: 5-finger Claw Grasp (Hook Grasp) | C90: Cannot achieve grasp position | D90: 0
C91: Weak grasp | D91: 1
C92: Grasp maintained against great resistance | D92: 2
A93: C4 | B93: Grasp B: Thumb Adduction Grasp | C93: Cannot achieve grasp position | D93: 0
C94: Weak grasp, paper kept in correct place between thumb and 2nd MCP, but not against slight tug | D94: 1
C95: Paper held well against tug | D95: 2
A96: C5 | B96: Grasp C: Grasp Pencil (Pincer Grasp) | C96: Not done at all | D96: 0
C97: Paper kept in place between pads of thumb and index finger, but not against a slight tug | D97: 1
C98: Pencil held well against a tug | D98: 2
A99: C6 | B99: Grasp D: Grasp Cylinder | C99: Not done at all | D99: 0
C100: Cylinder kept in place between thumb and index finger, but not against a slight tug | D100: 1
C101: Cylinder held well against a tug | D101: 2
A102: C7 | B102: Grasp E: Grasp a Tennis Ball (Spherical Grasp) | C102: Not done at all | D102: 0
...

Sheet 6_box_and_blocks
A1: Box and Blocks Test | B1: https://uofu.app.box.com/file/1971344564741
A3: Patient ID: | B3: ='1_patient_info'!B3 -> ## | C3: Date: | D3: MM/DD/YYYY
A4: Affected Hand: | B4: ='1_patient_info'!B6 -> Right
A6: Scoring: | B6: The score is the number of blocks transported in one minute. There are 150 blocks.
A8: WITHOUT MYOPRO
A9: Date | B9: Hand | C9: Trial Type | D9: Score (# of blocks) | E9: Notes
A10: MM/DD/YYYY | B10: Right | C10: Standard 60s
A11: MM/DD/YYYY | B11: Left | C11: Standard 60s
A13: WITH MYOPRO
A14: Date | B14: Hand | C14: Trial Type | D14: Score (# of blocks) | E14: Notes
A15: MM/DD/YYYY | B15: Right | C15: Standard 60s
A16: MM/DD/YYYY | B16: Left | C16: Standard 60s

Sheet 7a_MyomoTasks_WITHOUT_MYOPRO
A1: Myomo Functional Tasks (WITHOUT MYOPRO)
A3: Patient ID: | B3: ='1_patient_info'!B3 -> ## | C3: Date: | D3: MM/DD/YYYY
A6: Task 1: Move Object to Mouth | C6: WITHOUT MyoPro
A7: Component # | B7: Name | C7: Achieve? | D7: Time [sec]
A8: 1 | B8: Starting Position | C8: 0
A9: 2 | B9: Grasp | C9: 0
A10: 3 | B10: Cut Pickle | C10: 0
A11: 4 | B11: To Mouth | C11: 0
A12: 5 | B12: Ending Position | C12: 0
B13: SUM | C13: =SUM(C8:C12) -> 0 | D13: =SUM(D8:D12) -> 0
A15: Task 2: Hold Object in Space | C15: WITHOUT MyoPro
A16: Component # | B16: Name | C16: Achieve? | D16: Time [sec]
A17: 1 | B17: Starting Position | C17: 0
A18: 2 | B18: Grasp | C18: 0
A19: 3 | B19: Lift Bag | C19: 0
A20: 4 | B20: Ending Position | C20: 0
B21: SUM | C21: =SUM(C17:C20) -> 0 | D21: =SUM(D17:D20) -> 0
A23: Task 3: Stablize Object | C23: WITHOUT MyoPro
A24: Component # | B24: Name | C24: Achieve? | D24: Time [sec]
A25: 1 | B25: Starting Position | C25: 0
A26: 2 | B26: Grasp | C26: 0
A27: 3 | B27: Stabilize Bowl | C27: 0
A28: 4 | B28: Ending Position | C28: 0
B29: SUM | C29: =SUM(C25:C28) -> 0 | D29: =SUM(D25:D28) -> 0
A31: Task 4: Move Object (Towel) to New Location | C31: WITHOUT MyoPro
A32: Component # | B32: Name | C32: Achieve? | D32: Time [sec]
A33: 1 | B33: Starting Position | C33: 0
A34: 2 | B34: Grasp | C34: 0
A35: 3 | B35: Move Towel | C35: 0
A36: 4 | B36: Ending Position | C36: 0
B37: SUM | C37: =SUM(C33:C36) -> 0 | D37: =SUM(D33:D36) -> 0
A39: Task 5: Water Bottle – Stabilize Object | C39: WITHOUT MyoPro
A40: Component # | B40: Name | C40: Achieve? | D40: Time [sec]
A41: 1 | B41: Starting Position | C41: 0
A42: 2 | B42: Grasp | C42: 0
A43: 3 | B43: Move Towel | C43: 0
A44: 4 | B44: Ending Position | C44: 0
B45: SUM | C45: =SUM(C41:C44) -> 0 | D45: =SUM(D41:D44) -> 0
A47: Task 6: Laundry Basket – Lift and Move Object to a new location | B47: WITHOUT MyoPro
A48: Name | B48: Achieve? | C48: Time [sec]
A49: Starting Position | B49: 0
A50: Grasp | B50: 0
A51: Move Basket | B51: 0
A52: Ending Position | B52: 0
A53: SUM | B53: =SUM(B49:B52) -> 0 | C53: =SUM(C49:C52) -> 0

Sheet 7b_MyomoTasks_WITH_MYOPRO
A1: Myomo Functional Tasks (WITH MYOPRO)
A3: Patient ID: | B3: ='1_patient_info'!B3 -> ## | C3: Date: | D3: MM/DD/YYYY
A6: Task 1: Move Object to Mouth | C6: WITH MyoPro
A7: Component # | B7: Name | C7: Achieve? | D7: Time [sec]
A8: 1 | B8: Starting Position | C8: 0
A9: 2 | B9: Grasp | C9: 0
A10: 3 | B10: Cut Pickle | C10: 0
A11: 4 | B11: To Mouth | C11: 0
A12: 5 | B12: Ending Position | C12: 0
B13: SUM | C13: =SUM(C8:C12) -> 0 | D13: =SUM(D8:D12) -> 0
A15: Task 2: Hold Object in Space | C15: WITH MyoPro
A16: Component # | B16: Name | C16: Achieve? | D16: Time [sec]
A17: 1 | B17: Starting Position | C17: 0
A18: 2 | B18: Grasp | C18: 0
A19: 3 | B19: Lift Bag | C19: 0
A20: 4 | B20: Ending Position | C20: 0
B21: SUM | C21: =SUM(C17:C20) -> 0 | D21: =SUM(D17:D20) -> 0
A23: Task 3: Stablize Object | C23: WITH MyoPro
A24: Component # | B24: Name | C24: Achieve? | D24: Time [sec]
A25: 1 | B25: Starting Position | C25: 0
A26: 2 | B26: Grasp | C26: 0
A27: 3 | B27: Stabilize Bowl | C27: 0
A28: 4 | B28: Ending Position | C28: 0
B29: SUM | C29: =SUM(C25:C28) -> 0 | D29: =SUM(D25:D28) -> 0
A31: Task 4: Move Object (Towel) to New Location | C31: WITH MyoPro
A32: Component # | B32: Name | C32: Achieve? | D32: Time [sec]
A33: 1 | B33: Starting Position | C33: 0
A34: 2 | B34: Grasp | C34: 0
A35: 3 | B35: Move Towel | C35: 0
A36: 4 | B36: Ending Position | C36: 0
B37: SUM | C37: =SUM(C33:C36) -> 0 | D37: =SUM(D33:D36) -> 0
A39: Task 5: Water Bottle – Stabilize Object | C39: WITH MyoPro
A40: Component # | B40: Name | C40: Achieve? | D40: Time [sec]
A41: 1 | B41: Starting Position | C41: 0
A42: 2 | B42: Grasp | C42: 0
A43: 3 | B43: Move Towel | C43: 0
A44: 4 | B44: Ending Position | C44: 0
B45: SUM | C45: =SUM(C41:C44) -> 0 | D45: =SUM(D41:D44) -> 0
A47: Task 6: Laundry Basket – Lift and Move Object to a new location | B47: WITH MyoPro
A48: Name | B48: Achieve? | C48: Time [sec]
A49: Starting Position | B49: 0
A50: Grasp | B50: 0
A51: Move Basket | B51: 0
A52: Ending Position | B52: 0
A53: SUM | B53: =SUM(B49:B52) -> 0 | C53: =SUM(C49:C52) -> 0

Sheet 8a_CAHAI_WITHOUT_MYOPRO
A1: Chedoke Arm and Hand Activity Inventory (CAHAI-13) (WITHOUT MYOPRO)
A2: Full Manual: | B2: https://uofu.app.box.com/file/1971346843081 | C2: Scoring Sheet (PDF): | D2: https://uofu.app.box.com/file/1971345419750
A3: Patient ID: | B3: ='1_patient_info'!B3 -> ## | C3: Date: | D3: MM/DD/YYYY | E3: Affected Limb: | F3: ='1_patient_info'!B6 -> Right
A5: Activity Scale Key
A6: 1 | B6: Total assist (weak U/L < 25%)
A7: 2 | B7: Maximal assist (weak U/L = 25-49%)
A8: 3 | B8: Moderate assist (weak U/L = 50-74%)
A9: 4 | B9: Minimal assist (weak U/L > 75%)
A10: 5 | B10: Supervision
A11: 6 | B11: Modified independence (device)
A12: 7 | B12: Complete independence (timely, safely)
A13: Note: You can change the role using the dropdowns in each cell
A14: # | B14: Task | C14: Role of Affected Arm | D14: Score (1-7) | E14: Comments
A15: 1 | B15: Open jar of coffee | C15: holds jar | D15: 1 | G15: General Comment
A16: 2 | B16: Call 911 | C16: holds receiver and dials phone | D16: 1
A17: 3 | B17: Draw a line with a ruler | C17: holds ruler | D17: 1
A18: 4 | B18: Pour a glass of water | C18: holds glass | D18: 1
A19: 5 | B19: Wring out washcloth | C19: Bilateral Task | D19: 1
A20: 6 | B20: Do up five buttons | C20: Bilateral Task | D20: 1
A21: 7 | B21: Dry back with towel | C21: grasps towel end | D21: 1
A22: 8 | B22: Put toothpaste on toothbrush | C22: holds toothpaste | D22: 1
A23: 9 | B23: Cut medium resistance putty | C23: holds fork | D23: 1
A24: 10 | B24: Zip up the zipper | C24: holds zipper pull | D24: 1
A25: 11 | B25: Clean a pair of eyeglasses | C25: holds glasses | D25: 1
A26: 12 | B26: Place container on table | C26: Unilateral Task | D26: 1
A27: 13 | B27: Carry bag upstairs | C27: Unilateral Task | D27: 1
C29: Total Score (out of 91): | D29: =SUM(D15:D27) -> 13 | E29: /91

Sheet 8b_CAHAI_WITH_MYOPRO
A1: Chedoke Arm and Hand Activity Inventory (CAHAI-13) (WITH MYOPRO)
A2: Full Manual: | B2: https://uofu.app.box.com/file/1971346843081 | C2: Scoring Sheet (PDF): | D2: https://uofu.app.box.com/file/1971345419750
A3: Patient ID: | B3: ='1_patient_info'!B3 -> ## | C3: Date: | D3: MM/DD/YYYY | E3: Affected Limb: | F3: ='1_patient_info'!B6 -> Right
A5: Activity Scale Key
A6: 1 | B6: Total assist (weak U/L < 25%)
A7: 2 | B7: Maximal assist (weak U/L = 25-49%)
A8: 3 | B8: Moderate assist (weak U/L = 50-74%)
A9: 4 | B9: Minimal assist (weak U/L > 75%)
A10: 5 | B10: Supervision
A11: 6 | B11: Modified independence (device)
A12: 7 | B12: Complete independence (timely, safely)
A13: Note: You can change the role using the dropdowns in each cell
A14: # | B14: Task | C14: Role of Affected Arm | D14: Score (1-7) | E14: Comments
A15: 1 | B15: Open jar of coffee | C15: holds jar | D15: 1 | G15: General Comment
A16: 2 | B16: Call 911 | C16: holds receiver and dials phone | D16: 1
A17: 3 | B17: Draw a line with a ruler | C17: holds ruler | D17: 1
A18: 4 | B18: Pour a glass of water | C18: holds glass | D18: 1
A19: 5 | B19: Wring out washcloth | C19: Bilateral Task | D19: 1
A20: 6 | B20: Do up five buttons | C20: Bilateral Task | D20: 1
A21: 7 | B21: Dry back with towel | C21: grasps towel end | D21: 1
A22: 8 | B22: Put toothpaste on toothbrush | C22: holds toothpaste | D22: 1
A23: 9 | B23: Cut medium resistance putty | C23: holds fork | D23: 1
A24: 10 | B24: Zip up the zipper | C24: holds zipper pull | D24: 1
A25: 11 | B25: Clean a pair of eyeglasses | C25: holds glasses | D25: 1
A26: 12 | B26: Place container on table | C26: Unilateral Task | D26: 1
A27: 13 | B27: Carry bag upstairs | C27: Unilateral Task | D27: 1
C29: Total Score (out of 91): | D29: =SUM(D15:D27) -> 13 | E29: /91

Sheet 9a_NASA_TLX_WITHOUT_MYOPRO
A1: NASA TASK LOAD INDEX Scoring (WITHOUT MYOPRO)
A4: Patient ID: | B4: ='1_patient_info'!B3 -> ## | C4: Date: | D4: MM/DD/YYYY
A8: Rate on a scale of 0-20
A10: Mental Demand | B10: 0
A12: Physical Demand | B12: 0
A14: Temporal Demand | B14: 0
A16: Performance | B16: 0
A18: Effort | B18: 0
A20: Frustration | B20: 0

Sheet 9b_NASA_TLX_WITH_MYOPRO
A1: NASA TASK LOAD INDEX Scoring (WITH MYOPRO)
A4: Patient ID: | B4: ='1_patient_info'!B3 -> ## | C4: Date: | D4: MM/DD/YYYY
A8: Rate on a scale of 0-20
A10: Mental Demand | B10: 0
A12: Physical Demand | B12: 0
A14: Temporal Demand | B14: 0
A16: Performance | B16: 0
A18: Effort | B18: 0
A20: Frustration | B20: 0
